<?xml version="1.0" ?>
<animations>
    <init>
        <sprite name="note1">
            <image>fx.png</image>
            <rect x="28" y="24" width="63" height="65" />
            <center x="32" y="0" />
            <blend mode="Alpha" />
        </sprite>
        <sprite name="note2">
            <image>fx.png</image>
            <rect x="94" y="23" width="64" height="66" />
            <center x="31" y="3" />
            <blend mode="Alpha" />
        </sprite>
        <sprite name="note3">
            <image>fx.png</image>
            <rect x="160" y="23" width="67" height="68" />
            <center x="33" y="4" />
            <blend mode="Alpha" />
        </sprite>
        <sprite name="note4">
            <image>fx.png</image>
            <rect x="227" y="22" width="70" height="69" />
            <center x="36" y="2" />
            <blend mode="Alpha" />
        </sprite>
        <sprite name="note5">
            <image>fx.png</image>
            <rect x="299" y="24" width="71" height="64" />
            <center x="34" y="3" />
            <blend mode="Alpha" />
        </sprite>
        <sprite name="wave">
            <image>fx.png</image>
            <rect x="29" y="103" width="104" height="105" />
            <center x="52" y="52" />
            <blend mode="Alpha" />
        </sprite>
        <sprite name="wave2">
            <image>fx.png</image>
            <rect x="29" y="103" width="104" height="105" />
            <center x="52" y="52" />
            <blend mode="Alpha" />
        </sprite>
        <sprite name="wave3">
            <image>fx.png</image>
            <rect x="29" y="103" width="104" height="105" />
            <center x="52" y="52" />
            <blend mode="Alpha" />
        </sprite>
        <path name="noteFall1">
            <node x="-293" y="-248" />
            <node x="-293" y="247" />
        </path>
        <path name="noteFall2">
            <node x="36" y="-245" />
            <node x="38" y="243" />
        </path>
        <path name="noteFall3">
            <node x="281" y="-247" />
            <node x="282" y="244" />
        </path>
        <path name="wavePulse1">
            <node x="-38" y="-187" />
        </path>
        <path name="wavePulse2">
            <node x="65" y="150" />
        </path>
        <path name="wavePulse3">
            <node x="264" y="-173" />
        </path>
    </init>
    <readygo />
    <background>
        <event start="0">
            <rotation duration="200" name="note1" type="sin" startVal="0" endVal="30" alpha="2" />
            <transparency duration="200" name="note1" type="sin" startVal="0" endVal="1" alpha="0.50" />
            <move duration="200" name="note1" path="noteFall1" type="linear" startVal="0" endVal="1" />
        </event>
        <event start="140">
            <move duration="200" name="note2" path="noteFall2" type="linear" startVal="0" endVal="1" />
            <transparency duration="200" name="note2" type="sin" startVal="0" endVal="1" alpha="0.50" />
            <rotation duration="200" name="note2" type="sin" startVal="0" endVal="30" alpha="2" />
        </event>
        <event start="160">
            <rotation duration="200" name="note3" type="sin" startVal="0" endVal="30" alpha="2" />
            <transparency duration="200" name="note3" type="sin" startVal="0" endVal="1" alpha="0.50" />
            <move duration="200" name="note3" path="noteFall1" type="linear" startVal="0" endVal="1" />
        </event>
        <event start="200">
            <move duration="200" name="note4" path="noteFall3" type="linear" startVal="0" endVal="1" />
            <transparency duration="200" name="note4" type="sin" startVal="0" endVal="1" alpha="0.50" />
            <rotation duration="200" name="note4" type="sin" startVal="0" endVal="30" alpha="2" />
        </event>
        <event start="210">
            <move duration="1" name="wave" path="wavePulse1" type="linear" startVal="1" endVal="0" />
            <transparency duration="100" name="wave" type="linear" startVal="1" endVal="0" />
            <scaleX duration="100" name="wave" type="linear" startVal="0" endVal="1" />
            <scaleY duration="100" name="wave" type="linear" startVal="0" endVal="1" />
        </event>
        <event start="250">
            <rotation duration="200" name="note5" type="sin" startVal="0" endVal="30" alpha="2" />
            <transparency duration="200" name="note5" type="sin" startVal="0" endVal="1" alpha="0.50" />
            <move duration="200" name="note5" path="noteFall2" type="linear" startVal="0" endVal="1" />
        </event>
        <event start="300">
            <move duration="1" name="wave2" path="wavePulse2" type="linear" startVal="1" endVal="0" />
            <scaleX duration="100" name="wave2" type="linear" startVal="0" endVal="1" />
            <scaleY duration="100" name="wave2" type="linear" startVal="0" endVal="1" />
            <transparency duration="100" name="wave2" type="linear" startVal="1" endVal="0" />
        </event>
        <event start="340">
            <move duration="1" name="wave3" path="wavePulse3" type="linear" startVal="1" endVal="0" />
            <scaleX duration="100" name="wave3" type="linear" startVal="0" endVal="1" />
            <scaleY duration="100" name="wave3" type="linear" startVal="0" endVal="1" />
            <transparency duration="100" name="wave3" type="linear" startVal="1" endVal="0" />
        </event>
        <event start="480">
            <loop t="0" />
        </event>
    </background>
</animations>
