<?xml version="1.0" ?>
<animations>
    <init>
        <sprite name="ready">
            <image>ready.png</image>
            <rect x="0" y="0" width="344" height="92" />
            <center x="172" y="46" />
            <blend mode="Alpha" />
        </sprite>
        <sprite name="go">
            <image>go.png</image>
            <rect x="0" y="0" width="265" height="77" />
            <center x="132" y="38" />
            <blend mode="Alpha" />
        </sprite>
        <path name="movedown">
            <node x="0" y="-240" />
            <node x="0" y="0" />
        </path>
        <sound name="ready">
            <file>ready.wav</file>
        </sound>
        <sound name="go">
            <file>go.wav</file>
        </sound>
    </init>
    <spell1 />
    <readygo>
        <event start="0">
            <move duration="40" name="ready" path="movedown" type="elastic" startVal="0.00" endVal="1.00" alpha="-4.00" beta="1.00" />
            <transparency duration="10" name="ready" type="linear" startVal="0.00" endVal="1.00" alpha="0.00" beta="0.00" />
            <playSound name="ready" />
        </event>
        <event start="80">
            <scaleX duration="20" name="ready" type="sin" startVal="0" endVal="1" alpha="2" />
        </event>
        <event start="100">
            <scaleX duration="40" name="go" type="elastic" startVal="0.00" endVal="1.00" alpha="-3.00" beta="2.00" />
            <scaleY duration="40" name="go" type="elastic" startVal="0.00" endVal="1.00" alpha="-3.00" beta="2.00" />
            <transparency duration="10" name="go" type="linear" startVal="0.00" endVal="1.00" alpha="0.00" beta="0.00" />
            <transparency duration="1" name="ready" type="linear" startVal="1.00" endVal="0.00" alpha="0.00" beta="0.00" />
            <playSound name="go" />
        </event>
        <event start="150">
            <scaleY duration="30" name="go" type="elastic" startVal="1" endVal="0" alpha="2" beta="1" />
            <scaleX duration="30" name="go" type="elastic" startVal="1" endVal="2" alpha="2" beta="1" />
            <transparency duration="30" name="go" type="linear" startVal="1.00" endVal="0.00" />
        </event>
    </readygo>
</animations>
